{"cameraMode":{"drawMode":0,"name":"Shaded","section":"Shading Mode"},"sceneLighting":true,"audioPlay":false,"sceneViewState":{"m_AlwaysRefresh":false,"showFog":true,"showSkybox":true,"showFlares":true,"showImageEffects":true,"showParticleSystems":true,"showVisualEffectGraphs":true,"m_FxEnabled":true},"in2DMode":false,"pivot":{"x":35.08198928833008,"y":16.248266220092775,"z":29.044645309448243},"rotation":{"x":-0.4001489281654358,"y":-0.23666338622570039,"z":0.10903540253639221,"w":-0.8789780735969544},"size":15.052047729492188,"orthographic":false}